Date,Tournament,Surface,Rd,Rk,vRk,,Score,More,DR,A%,DF%,1stIn,1st%,2nd%,BPSvd,Time
28_Oct_2024,Paris,Hard,R16,2,18,(15)Ugo Humbert [FRA] d. (2)Alcaraz,6-1 3-6 7-5,,1,9.30%,6.70%,61.30%,82.60%,41.40%,6-Mar,2:16
28_Oct_2024,Paris,Hard,R32,2,37,(2)Alcaraz d. Nicolas Jarry [CHI],7-5 6-1,,1.42,15.00%,0.00%,70.00%,76.20%,50.00%,6-May,1:30
2_Oct_2024,Shanghai Masters,Hard,QF,2,33,(30)Tomas Machac [CZE] d. (3)Alcaraz,7-6(5) 7-5, (ch),1.13,11.90%,1.50%,67.20%,75.60%,54.50%,4-Feb,1:54
2_Oct_2024,Shanghai Masters,Hard,R16,2,46,(3)Alcaraz d. Gael Monfils [FRA],6-4 7-5, (ch),1.56,8.50%,0.00%,69.50%,78.00%,77.80%,1-Jan,1:27
2_Oct_2024,Shanghai Masters,Hard,R32,2,560,(3)Alcaraz d. (WC)Yibing Wu [CHN],7-6(5) 6-3,,1.17,15.70%,1.40%,61.40%,81.40%,55.60%,0/0,1:40
2_Oct_2024,Shanghai Masters,Hard,R64,2,51,(3)Alcaraz d. Juncheng Shang [CHN],6-2 6-2, (ch),1.95,6.30%,0.00%,50.00%,79.20%,66.70%,1-Jan,1:16
26_Sep_2024,Beijing,Hard,F,3,1,(2)Alcaraz d. (1)Jannik Sinner [ITA],6-7(6) 6-4 7-6(3), (ch),1.16,4.90%,1.60%,60.20%,73.00%,55.10%,6-Apr,3:21
26_Sep_2024,Beijing,Hard,SF,3,5,(2)Alcaraz d. (3)Daniil Medvedev [RUS],7-5 6-3, (ch),1.46,5.70%,1.90%,67.90%,75.00%,52.90%,0/2,1:27
26_Sep_2024,Beijing,Hard,QF,3,27,(2)Alcaraz d. (7)Karen Khachanov [RUS],7-5 6-2, (ch),1.68,3.80%,3.80%,63.50%,75.80%,68.40%,2-Jan,1:36
26_Sep_2024,Beijing,Hard,R16,3,39,(2)Alcaraz d. Tallon Griekspoor [NED],6-1 6-2, (ch),2.44,9.80%,0.00%,56.10%,100.00%,50.00%,0/0,0:56
26_Sep_2024,Beijing,Hard,R32,3,51,(2)Alcaraz d. Giovanni Mpetshi Perricard [FRA],6-4 6-4, (ch),1.41,8.90%,1.80%,60.70%,73.50%,81.80%,3-Mar,1:21
20_Sep_2024,Laver Cup,Hard,RR,3,7,Alcaraz d. Taylor Fritz [USA],6-2 7-5,,1.45,1.80%,1.80%,73.20%,80.50%,46.70%,4-Mar,1:29
20_Sep_2024,Laver Cup,Hard,RR,3,17,Alcaraz d. Ben Shelton [USA],6-4 6-4,,1.4,0.00%,0.00%,78.00%,78.30%,61.50%,5-May,1:43
13_Sep_2024,Davis Cup Finals RR: FRA vs ESP,Hard,RR,3,18,Alcaraz d. Ugo Humbert [FRA],6-3 6-3,,1.76,9.80%,2.00%,60.80%,80.60%,70.00%,6-Jun,1:20
11_Sep_2024,Davis Cup Finals RR: CZE vs ESP,Hard,RR,3,35,Alcaraz d. Tomas Machac [CZE],6-7(3) 6-1 RET,,1.78,10.00%,2.00%,56.00%,85.70%,63.60%,0/1,1:38
26_Aug_2024,US Open,Hard,R64,3,74,Botic Van De Zandschulp [NED] d. (3)Alcaraz,6-1 7-5 6-4, (ch),0.81,2.90%,1.40%,61.40%,60.50%,51.90%,9-Mar,2:19
26_Aug_2024,US Open,Hard,R128,3,186,(3)Alcaraz d. (Q)Li Tu [AUS],6-2 4-6 6-3 6-1,,1.88,8.90%,4.40%,61.10%,80.00%,65.70%,6-Apr,2:42
12_Aug_2024,Cincinnati Masters,Hard,R32,3,46,Gael Monfils [FRA] d. (2)Alcaraz,4-6 7-6(5) 6-4, (ch),1.13,6.90%,7.80%,54.90%,76.80%,60.90%,8-Jul,2:30
29_Jul_2024,Paris Olympics,Clay,F,3,2,(1)Novak Djokovic [SRB] d. (2)Alcaraz,7-6(3) 7-6(2), (ch),0.81,1.00%,1.00%,66.30%,72.30%,48.50%,6-Jun,
29_Jul_2024,Paris Olympics,Clay,SF,3,19,(2)Alcaraz d. (13)Felix Auger Aliassime [CAN],6-1 6-1, (ch),2.07,5.30%,5.30%,57.90%,77.30%,68.80%,0/0,
29_Jul_2024,Paris Olympics,Clay,QF,3,13,(2)Alcaraz d. (9)Tommy Paul [USA],6-3 7-6(7), (ch),1.03,7.60%,2.50%,74.70%,71.20%,55.00%,5-Apr,
29_Jul_2024,Paris Olympics,Clay,R16,3,66,(2)Alcaraz d. Roman Safiullin [RUS],6-4 6-2,,1.57,10.60%,0.00%,63.80%,80.00%,47.10%,0/1,
29_Jul_2024,Paris Olympics,Clay,R32,3,28,(2)Alcaraz d. Tallon Griekspoor [NED],6-1 7-6(3), (ch),1.54,6.30%,0.00%,81.30%,69.20%,83.30%,1-Jan,
29_Jul_2024,Paris Olympics,Clay,R64,3,274,(2)Alcaraz d. (ALT)Hady Habib [LIB],6-3 6-1, (ch),2.17,10.60%,4.30%,68.10%,81.30%,66.70%,4-Apr,
1_Jul_2024,Wimbledon,Grass,F,3,2,(3)Alcaraz d. (2)Novak Djokovic [SRB],6-2 6-2 7-6(4), (ch),1.41,5.30%,6.30%,58.90%,83.90%,51.30%,3-Feb,2:27
1_Jul_2024,Wimbledon,Grass,SF,3,5,(3)Alcaraz d. (5)Daniil Medvedev [RUS],6-7(1) 6-3 6-4 6-4, (ch),1.2,5.30%,1.80%,56.60%,73.40%,61.20%,0/3,2:55
1_Jul_2024,Wimbledon,Grass,QF,3,13,(3)Alcaraz d. (12)Tommy Paul [USA],5-7 6-4 6-2 6-2, (ch),1.29,5.90%,1.70%,61.30%,65.80%,63.00%,10-Jun,3:11
1_Jul_2024,Wimbledon,Grass,R16,3,16,(3)Alcaraz d. (16)Ugo Humbert [FRA],6-3 6-4 1-6 7-5, (ch),0.98,10.40%,4.40%,70.40%,66.30%,42.50%,13-Aug,3:00
1_Jul_2024,Wimbledon,Grass,R32,3,29,(3)Alcaraz d. (29)Frances Tiafoe [USA],5-7 6-2 4-6 7-6(2) 6-2, (ch),1.04,9.80%,3.10%,65.00%,70.80%,61.40%,10-Jul,3:50
1_Jul_2024,Wimbledon,Grass,R64,3,69,(3)Alcaraz d. Aleksandar Vukic [AUS],7-6(5) 6-2 6-2,,1.74,14.90%,2.70%,66.20%,81.60%,56.00%,3-Jan,1:48
1_Jul_2024,Wimbledon,Grass,R128,3,269,(3)Alcaraz d. (Q)Mark Lajal [EST],7-6(3) 7-5 6-2, (ch),1.56,4.50%,4.50%,62.90%,83.90%,54.50%,4-Feb,2:22
17_Jun_2024,Queen's Club,Grass,R16,2,31,Jack Draper [GBR] d. (1)Alcaraz,7-6(3) 6-3, (ch),0.73,9.30%,1.30%,66.70%,76.00%,48.00%,4-Mar,1:39
17_Jun_2024,Queen's Club,Grass,R32,2,26,(1)Alcaraz d. Francisco Cerundolo [ARG],6-1 7-5,,1.8,3.60%,5.40%,58.90%,78.80%,65.20%,4-Mar,1:22
27_May_2024,Roland Garros,Clay,F,3,4,(3)Alcaraz d. (4)Alexander Zverev [GER],6-3 2-6 5-7 6-1 6-2, (ch),1.09,1.90%,3.80%,60.40%,64.60%,49.20%,17/23,
27_May_2024,Roland Garros,Clay,SF,3,2,(3)Alcaraz d. (2)Jannik Sinner [ITA],2-6 6-3 3-6 6-4 6-3, (ch),0.94,5.10%,4.50%,65.60%,66.00%,46.30%,10-Apr,
27_May_2024,Roland Garros,Clay,QF,3,9,(3)Alcaraz d. (9)Stefanos Tsitsipas [GRE],6-3 7-6(3) 6-4, (ch),1.52,3.60%,1.20%,72.60%,73.80%,73.90%,2-Jan,
27_May_2024,Roland Garros,Clay,R16,3,21,(3)Alcaraz d. (21)Felix Auger Aliassime [CAN],6-3 6-3 6-1, (ch),1.54,1.30%,2.50%,67.10%,75.50%,53.80%,5-Apr,
27_May_2024,Roland Garros,Clay,R32,3,28,(3)Alcaraz d. (27)Sebastian Korda [USA],6-4 7-6(5) 6-3, (ch),1.54,3.30%,0.00%,77.80%,72.90%,65.00%,3-Jan,
27_May_2024,Roland Garros,Clay,R64,3,176,(3)Alcaraz d. (Q)Jesper De Jong [NED],6-3 6-4 2-6 6-2, (ch),1.22,1.80%,1.80%,69.60%,64.10%,50.00%,12-Jul,
27_May_2024,Roland Garros,Clay,R128,3,107,(3)Alcaraz d. (LL)J J Wolf [USA],6-1 6-2 6-1, (ch),1.94,7.40%,1.50%,70.60%,68.80%,65.00%,7-May,
22_Apr_2024,Madrid Masters,Clay,QF,3,8,(7)Andrey Rublev [RUS] d. (2)Alcaraz,4-6 6-3 6-2, (ch),0.78,1.20%,2.50%,70.40%,59.60%,70.80%,13-Oct,1:59
22_Apr_2024,Madrid Masters,Clay,R16,3,24,(2)Alcaraz d. (23)Jan Lennard Struff [GER],6-3 6-7(5) 7-6(4),,0.96,2.30%,3.10%,63.40%,59.00%,68.80%,10-Aug,2:52
22_Apr_2024,Madrid Masters,Clay,R32,3,63,(2)Alcaraz d. Thiago Seyboth Wild [BRA],6-3 6-3,,1.89,4.30%,2.20%,67.40%,87.10%,46.70%,2-Jan,1:15
22_Apr_2024,Madrid Masters,Clay,R64,3,59,(2)Alcaraz d. Alexander Shevchenko [KAZ],6-2 6-1, (ch),1.73,2.60%,0.00%,68.40%,65.40%,58.30%,3-Jan,1:08
18_Mar_2024,Miami Masters,Hard,QF,2,12,(11)Grigor Dimitrov [BUL] d. (1)Alcaraz,6-2 6-4, (ch),0.74,6.80%,5.10%,57.60%,55.90%,52.00%,8-Apr,1:32
18_Mar_2024,Miami Masters,Hard,R16,2,24,(1)Alcaraz d. (23)Lorenzo Musetti [ITA],6-3 6-3, (ch),1.4,5.50%,1.80%,63.60%,74.30%,55.00%,3-Feb,1:26
18_Mar_2024,Miami Masters,Hard,R32,2,47,(1)Alcaraz d. Gael Monfils [FRA],6-2 6-4, (ch),1.71,2.10%,0.00%,80.90%,76.30%,44.40%,2-Jan,1:14
18_Mar_2024,Miami Masters,Hard,R64,2,64,(1)Alcaraz d. Roberto Carballes Baena [ESP],6-2 6-1, (ch),1.58,6.30%,2.10%,70.80%,79.40%,35.70%,3-Mar,1:25
4_Mar_2024,Indian Wells Masters,Hard,F,2,4,(2)Alcaraz d. (4)Daniil Medvedev [RUS],7-6(5) 6-1, (ch),1.62,4.80%,1.60%,64.50%,75.00%,68.20%,2-Jan,1:42
4_Mar_2024,Indian Wells Masters,Hard,SF,2,3,(2)Alcaraz d. (3)Jannik Sinner [ITA],1-6 6-3 6-2, (ch),1.09,0.00%,2.80%,65.30%,70.20%,52.00%,4-Feb,2:05
4_Mar_2024,Indian Wells Masters,Hard,QF,2,6,(2)Alcaraz d. (6)Alexander Zverev [GER],6-3 6-1, (ch),3.2,2.60%,0.00%,79.50%,87.10%,75.00%,0/0,1:29
4_Mar_2024,Indian Wells Masters,Hard,R16,2,58,(2)Alcaraz d. Fabian Marozsan [HUN],6-3 6-3, (ch),1.92,8.20%,4.10%,63.30%,83.90%,66.70%,2-Feb,1:15
4_Mar_2024,Indian Wells Masters,Hard,R32,2,31,(2)Alcaraz d. (31)Felix Auger Aliassime [CAN],6-2 6-3, (ch),1.92,6.80%,2.30%,72.70%,78.10%,66.70%,1-Jan,1:17
4_Mar_2024,Indian Wells Masters,Hard,R64,2,40,(2)Alcaraz d. Matteo Arnaldi [ITA],6-7(5) 6-0 6-1, (ch),1.73,2.60%,1.30%,56.60%,86.00%,54.50%,4-Mar,2:14
19_Feb_2024,Rio De Janeiro,Clay,R32,2,117,(WC)Thiago Monteiro [BRA] d. (1)Alcaraz,1-1 RET,,0.83,0.00%,20.00%,40.00%,0.00%,33.30%,0/1,0:18
12_Feb_2024,Buenos Aires,Clay,SF,2,21,(3)Nicolas Jarry [CHI] d. (1)Alcaraz,7-6(2) 6-3, (ch),1.02,0.00%,3.30%,65.60%,72.50%,52.40%,4-Feb,1:55
12_Feb_2024,Buenos Aires,Clay,QF,2,152,(1)Alcaraz d. (Q)Andrea Vavassori [ITA],7-6(1) 6-1, (ch),1.3,1.40%,1.40%,79.70%,67.30%,71.40%,1-Jan,1:40
12_Feb_2024,Buenos Aires,Clay,R16,2,134,(1)Alcaraz d. (Q)Camilo Ugo Carabelli [ARG],6-2 7-5, (ch),1.29,1.60%,8.20%,72.10%,70.50%,11.80%,9-May,1:45
15_Jan_2024,Australian Open,Hard,QF,2,6,(6)Alexander Zverev [GER] d. (2)Alcaraz,6-1 6-3 6-7(2) 6-4,,0.75,5.10%,1.70%,67.50%,67.10%,42.10%,10-Mar,3:05
15_Jan_2024,Australian Open,Hard,R16,2,60,(2)Alcaraz d. Miomir Kecmanovic [SRB],6-4 6-4 6-0, (ch),1.9,7.20%,0.00%,68.10%,83.00%,63.60%,0/0,1:49
15_Jan_2024,Australian Open,Hard,R32,2,140,(2)Alcaraz d. (WC)Juncheng Shang [CHN],6-1 6-1 1-0 RET,,4.08,8.80%,2.90%,55.90%,84.20%,86.70%,0/0,1:06
15_Jan_2024,Australian Open,Hard,R64,2,46,(2)Alcaraz d. Lorenzo Sonego [ITA],6-4 6-7(3) 6-3 7-6(3),,1.4,9.20%,3.10%,68.50%,77.50%,70.70%,4-Mar,3:25
15_Jan_2024,Australian Open,Hard,R128,2,131,(2)Alcaraz d. Richard Gasquet [FRA],7-6(5) 6-1 6-2,,1.58,9.60%,3.20%,66.00%,72.60%,65.60%,2-Feb,2:22
13_Nov_2023,Tour Finals,Hard,SF,2,1,(1)Novak Djokovic [SRB] d. (2)Alcaraz,6-3 6-2, (ch),0.64,17.90%,1.80%,83.90%,61.70%,33.30%,8-May,1:28
13_Nov_2023,Tour Finals,Hard,RR,2,3,(2)Alcaraz d. (3)Daniil Medvedev [RUS],6-4 6-4, (ch),1.33,5.40%,1.80%,73.20%,75.60%,66.70%,2-Feb,1:20
13_Nov_2023,Tour Finals,Hard,RR,2,5,(2)Alcaraz d. (5)Andrey Rublev [RUS],7-5 6-2, (ch),2.75,10.60%,0.00%,72.30%,94.10%,61.50%,0/0,1:14
13_Nov_2023,Tour Finals,Hard,RR,2,7,(7)Alexander Zverev [GER] d. (2)Alcaraz,6-7(3) 6-3 6-4, (ch),0.85,12.00%,2.20%,69.60%,73.40%,53.60%,8-May,2:31
30_Oct_2023,Paris Masters,Hard,R32,2,45,(Q)Roman Safiullin [RUS] d. (2)Alcaraz,6-3 6-4, (ch),0.88,0.00%,3.70%,64.80%,68.60%,36.80%,8-Apr,1:37
2_Oct_2023,Shanghai Masters,Hard,R16,2,19,(18)Grigor Dimitrov [BUL] d. (1)Alcaraz,5-7 6-2 6-4, (ch),0.98,5.10%,0.00%,67.90%,71.70%,56.00%,5-Jan,2:10
2_Oct_2023,Shanghai Masters,Hard,R32,2,33,(1)Alcaraz d. (30)Daniel Evans [GBR],7-6(1) 6-4,,1.49,9.20%,1.50%,63.10%,70.70%,66.70%,6-Apr,2:23
2_Oct_2023,Shanghai Masters,Hard,R64,2,73,(1)Alcaraz d. Gregoire Barrere [FRA],6-2 7-5,,1.31,6.10%,3.00%,75.80%,70.00%,50.00%,7-Jun,1:42
27_Sep_2023,Beijing,Hard,SF,2,7,(6)Jannik Sinner [ITA] d. (1)Alcaraz,7-6(4) 6-1, (ch),0.84,6.30%,0.00%,71.40%,60.00%,27.80%,8-Mar,1:55
27_Sep_2023,Beijing,Hard,QF,2,9,(1)Alcaraz d. (7)Casper Ruud [NOR],6-4 6-2, (ch),1.6,10.90%,1.80%,69.10%,71.10%,64.70%,2-Jan,1:44
27_Sep_2023,Beijing,Hard,R16,2,18,(1)Alcaraz d. Lorenzo Musetti [ITA],6-2 6-2,,1.4,1.90%,5.70%,67.90%,66.70%,64.70%,3-Mar,1:21
27_Sep_2023,Beijing,Hard,R32,2,53,(1)Alcaraz d. (Q)Yannick Hanfmann [GER],6-4 6-3,,1.51,4.30%,8.50%,63.80%,80.00%,47.10%,3-Jan,1:37
28_Aug_2023,US Open,Hard,SF,1,3,(3)Daniil Medvedev [RUS] d. (1)Alcaraz,7-6(3) 6-1 3-6 6-3,,0.78,0.00%,0.00%,69.90%,68.80%,47.50%,7-Apr,3:19
28_Aug_2023,US Open,Hard,QF,1,12,(1)Alcaraz d. (12)Alexander Zverev [GER],6-3 6-2 6-4, (ch),1.3,3.10%,3.10%,56.70%,76.40%,57.10%,5-May,2:30
28_Aug_2023,US Open,Hard,R16,1,61,(1)Alcaraz d. Matteo Arnaldi [ITA],6-3 6-3 6-4, (ch),1.53,2.70%,4.10%,66.20%,77.60%,60.00%,0/1,1:57
28_Aug_2023,US Open,Hard,R32,1,28,(1)Alcaraz d. (26)Daniel Evans [GBR],6-2 6-3 4-6 6-3, (ch),1.5,5.70%,3.80%,56.60%,73.30%,69.60%,7-May,3:11
28_Aug_2023,US Open,Hard,R64,1,177,(1)Alcaraz d. Lloyd Harris [RSA],6-3 6-1 7-6(4), (ch),1.29,3.80%,1.00%,64.40%,68.70%,62.20%,10-Sep,2:28
28_Aug_2023,US Open,Hard,R128,1,75,(1)Alcaraz d. Dominik Koepfer [GER],6-2 3-2 RET,,2.31,12.10%,0.00%,72.70%,83.30%,66.70%,2-Feb,1:00
14_Aug_2023,Cincinnati Masters,Hard,F,1,2,(2)Novak Djokovic [SRB] d. (1)Alcaraz,5-7 7-6(7) 7-6(4), (ch),0.93,8.30%,3.80%,63.90%,71.80%,47.90%,13/16,3:49
14_Aug_2023,Cincinnati Masters,Hard,SF,1,20,(1)Alcaraz d. Hubert Hurkacz [POL],2-6 7-6(4) 6-3, (ch),1.05,2.20%,0.00%,65.90%,68.30%,64.50%,4-Feb,2:18
14_Aug_2023,Cincinnati Masters,Hard,QF,1,70,(1)Alcaraz d. (Q)Max Purcell [AUS],4-6 6-3 6-4, (ch),1.21,6.70%,9.00%,58.40%,67.30%,62.20%,3-Jan,2:11
14_Aug_2023,Cincinnati Masters,Hard,R16,1,13,(1)Alcaraz d. (14)Tommy Paul [USA],7-6(6) 6-7(0) 6-3,,1.21,5.80%,3.90%,65.00%,71.60%,47.20%,6-Feb,3:09
14_Aug_2023,Cincinnati Masters,Hard,R32,1,55,(1)Alcaraz d. (Q)Jordan Thompson [AUS],7-5 4-6 6-3,,1.23,3.50%,5.80%,54.70%,66.00%,64.10%,7-Apr,3:02
7_Aug_2023,Canada Masters,Hard,QF,1,14,(12)Tommy Paul [USA] d. (1)Alcaraz,6-3 4-6 6-3, (ch),0.9,4.00%,6.10%,66.70%,66.70%,48.50%,10-Jun,2:20
7_Aug_2023,Canada Masters,Hard,R16,1,17,(1)Alcaraz d. (15)Hubert Hurkacz [POL],3-6 7-6(2) 7-6(3), (ch),1.19,6.30%,1.00%,59.40%,75.40%,61.50%,5-Jan,2:38
7_Aug_2023,Canada Masters,Hard,R32,1,41,(1)Alcaraz d. Ben Shelton [USA],6-3 7-6(3),,1.1,5.10%,2.60%,57.70%,71.10%,66.70%,3-Mar,1:38
3_Jul_2023,Wimbledon,Grass,F,1,2,(1)Alcaraz d. (2)Novak Djokovic [SRB],1-6 7-6(6) 6-1 3-6 6-4, (ch),1.08,6.00%,4.70%,62.70%,70.20%,50.00%,15-Oct,4:43
3_Jul_2023,Wimbledon,Grass,SF,1,3,(1)Alcaraz d. (3)Daniil Medvedev [RUS],6-3 6-3 6-3, (ch),1.46,5.10%,3.80%,70.90%,73.20%,56.50%,4-Feb,1:50
3_Jul_2023,Wimbledon,Grass,QF,1,6,(1)Alcaraz d. (6)Holger Rune [DEN],7-6(3) 6-4 6-4, (ch),1.42,4.30%,2.20%,62.00%,78.90%,71.40%,1-Jan,2:21
3_Jul_2023,Wimbledon,Grass,R16,1,38,(1)Alcaraz d. Matteo Berrettini [ITA],3-6 6-3 6-3 6-3, (ch),1.37,3.80%,5.70%,63.20%,79.10%,59.00%,3-Feb,3:05
3_Jul_2023,Wimbledon,Grass,R32,1,28,(1)Alcaraz d. (25)Nicolas Jarry [CHI],6-3 6-7(6) 6-3 7-5, (ch),1.16,7.90%,4.60%,61.60%,77.40%,51.70%,7-May,3:56
3_Jul_2023,Wimbledon,Grass,R64,1,84,(1)Alcaraz d. Alexandre Muller [FRA],6-4 7-6(2) 6-3, (ch),1.32,4.60%,2.80%,64.20%,75.70%,59.00%,6-Jun,2:33
3_Jul_2023,Wimbledon,Grass,R128,1,542,(1)Alcaraz d. Jeremy Chardy [FRA],6-0 6-2 7-5, (ch),2.11,13.70%,2.70%,61.60%,84.40%,60.70%,4-Mar,1:53
19_Jun_2023,Queen's Club,Grass,F,2,18,(1)Alcaraz d. (7)Alex De Minaur [AUS],6-4 6-4, (ch),1.08,10.80%,1.50%,60.00%,71.80%,65.40%,2-Feb,1:39
19_Jun_2023,Queen's Club,Grass,SF,2,32,(1)Alcaraz d. Sebastian Korda [USA],6-3 6-4, (ch),1.45,3.50%,5.30%,64.90%,83.80%,45.00%,5-Apr,1:21
19_Jun_2023,Queen's Club,Grass,QF,2,26,(1)Alcaraz d. (Q)Grigor Dimitrov [BUL],6-4 6-4,,1.17,6.80%,2.70%,73.00%,68.50%,50.00%,8-Jun,1:32
19_Jun_2023,Queen's Club,Grass,R16,2,36,(1)Alcaraz d. Jiri Lehecka [CZE],6-2 6-3,,1.45,4.50%,4.50%,63.60%,83.30%,37.50%,3-Mar,1:25
19_Jun_2023,Queen's Club,Grass,R32,2,83,(1)Alcaraz d. (LL)Arthur Rinderknech [FRA],4-6 7-5 7-6(3), (ch),1.1,8.40%,0.00%,67.40%,75.00%,51.60%,4-Jan,2:34
29_May_2023,Roland Garros,Clay,SF,1,3,(3)Novak Djokovic [SRB] d. (1)Alcaraz,6-3 5-7 6-1 6-1, (ch),0.77,2.90%,1.90%,71.80%,54.10%,48.30%,12-May,3:24
29_May_2023,Roland Garros,Clay,QF,1,5,(1)Alcaraz d. (5)Stefanos Tsitsipas [GRE],6-2 6-1 7-6(5), (ch),1.97,8.00%,1.30%,77.30%,79.30%,64.70%,2-Jan,2:13
29_May_2023,Roland Garros,Clay,R16,1,18,(1)Alcaraz d. (17)Lorenzo Musetti [ITA],6-3 6-2 6-2, (ch),1.68,7.80%,3.90%,72.70%,76.80%,47.60%,7-May,2:09
29_May_2023,Roland Garros,Clay,R32,1,32,(1)Alcaraz d. (26)Denis Shapovalov [CAN],6-1 6-4 6-2, (ch),1.63,0.00%,1.30%,72.50%,65.50%,68.20%,6-Apr,2:11
29_May_2023,Roland Garros,Clay,R64,1,112,(1)Alcaraz d. Taro Daniel [JPN],6-1 3-6 6-1 6-2,,1.65,2.30%,2.30%,72.10%,72.60%,62.50%,3-Jan,2:26
29_May_2023,Roland Garros,Clay,R128,1,159,(1)Alcaraz d. (Q)Flavio Cobolli [ITA],6-0 6-2 7-5, (ch),1.72,4.10%,2.70%,60.80%,68.90%,72.40%,4-Mar,1:58
8_May_2023,Rome Masters,Clay,R32,2,135,(Q)Fabian Marozsan [HUN] d. (2)Alcaraz,6-3 7-6(4), (ch),0.57,6.80%,1.40%,68.50%,68.00%,39.10%,7-May,1:40
8_May_2023,Rome Masters,Clay,R64,2,72,(2)Alcaraz d. Albert Ramos [ESP],6-4 6-1, (ch),1.75,6.40%,2.10%,80.90%,73.70%,66.70%,2-Jan,1:26
24_Apr_2023,Madrid Masters,Clay,F,2,65,(1)Alcaraz d. (LL)Jan Lennard Struff [GER],6-4 3-6 6-3, (ch),1.09,2.20%,3.30%,70.30%,67.20%,55.60%,8-Jun,2:25
24_Apr_2023,Madrid Masters,Clay,SF,2,20,(1)Alcaraz d. (17)Borna Coric [CRO],6-4 6-3, (ch),1.51,6.90%,5.20%,65.50%,71.10%,65.00%,2-Jan,1:40
24_Apr_2023,Madrid Masters,Clay,QF,2,12,(1)Alcaraz d. (10)Karen Khachanov [RUS],6-4 7-5, (ch),1.15,7.00%,1.40%,67.60%,77.10%,43.50%,5-Apr,1:50
24_Apr_2023,Madrid Masters,Clay,R16,2,16,(1)Alcaraz d. (13)Alexander Zverev [GER],6-1 6-2, (ch),2.56,12.20%,2.40%,58.50%,87.50%,70.60%,0/0,1:22
24_Apr_2023,Madrid Masters,Clay,R32,2,32,(1)Alcaraz d. (26)Grigor Dimitrov [BUL],6-2 7-5,,1.74,5.90%,0.00%,68.60%,74.30%,75.00%,2-Jan,1:30
24_Apr_2023,Madrid Masters,Clay,R64,2,41,(1)Alcaraz d. Emil Ruusuvuori [FIN],2-6 6-4 6-2, (ch),0.91,10.00%,1.00%,69.00%,63.80%,58.10%,11-Sep,2:16
17_Apr_2023,Barcelona,Clay,F,2,5,(1)Alcaraz d. (2)Stefanos Tsitsipas [GRE],6-3 6-4, (ch),1.9,6.30%,2.10%,77.10%,81.10%,72.70%,2-Jan,1:18
17_Apr_2023,Barcelona,Clay,SF,2,26,(1)Alcaraz d. (12)Daniel Evans [GBR],6-2 6-2, (ch),1.62,7.80%,0.00%,64.70%,69.70%,55.60%,4-Mar,1:20
17_Apr_2023,Barcelona,Clay,QF,2,38,(1)Alcaraz d. (10)Alejandro Davidovich Fokina [ESP],7-6(5) 6-4,,1.04,1.10%,3.40%,55.70%,67.30%,46.20%,11-Aug,2:10
17_Apr_2023,Barcelona,Clay,R16,2,25,(1)Alcaraz d. (13)Roberto Bautista Agut [ESP],6-3 7-5,,1.23,4.00%,4.00%,56.00%,61.90%,54.50%,7-Apr,1:53
17_Apr_2023,Barcelona,Clay,R32,2,79,(1)Alcaraz d. Nuno Borges [POR],6-3 6-1,,1.91,0.00%,4.70%,48.80%,76.20%,68.20%,2-Jan,1:03
20_Mar_2023,Miami Masters,Hard,SF,1,11,(10)Jannik Sinner [ITA] d. (1)Alcaraz,6-7(4) 6-4 6-2, (ch),0.81,4.40%,8.00%,54.90%,66.10%,41.20%,12-Jun,3:01
20_Mar_2023,Miami Masters,Hard,QF,1,10,(1)Alcaraz d. (9)Taylor Fritz [USA],6-4 6-2, (ch),1.52,11.10%,0.00%,68.50%,75.70%,64.70%,2-Feb,1:18
20_Mar_2023,Miami Masters,Hard,R16,1,19,(1)Alcaraz d. (16)Tommy Paul [USA],6-4 6-4, (ch),1.59,5.40%,5.40%,60.70%,79.40%,68.20%,1-Jan,1:36
20_Mar_2023,Miami Masters,Hard,R32,1,76,(1)Alcaraz d. Dusan Lajovic [SRB],6-0 7-6(5), (ch),1.39,4.60%,0.00%,75.40%,71.40%,43.80%,3-Feb,1:31
20_Mar_2023,Miami Masters,Hard,R64,1,100,(1)Alcaraz d. Facundo Bagnis [ARG],6-0 6-2,,1.99,7.50%,5.00%,52.50%,81.00%,52.60%,2-Jan,1:04
6_Mar_2023,Indian Wells Masters,Hard,F,2,6,(1)Alcaraz d. (5)Daniil Medvedev [RUS],6-3 6-2, (ch),1.87,2.00%,0.00%,75.50%,81.10%,58.30%,0/0,1:10
6_Mar_2023,Indian Wells Masters,Hard,SF,2,13,(1)Alcaraz d. (11)Jannik Sinner [ITA],7-6(4) 6-3, (ch),1.08,6.90%,1.40%,72.20%,73.10%,45.00%,2-Jan,1:52
6_Mar_2023,Indian Wells Masters,Hard,QF,2,10,(1)Alcaraz d. (8)Felix Auger Aliassime [CAN],6-4 6-4, (ch),1.55,3.40%,3.40%,62.10%,80.60%,59.10%,4-Mar,2:00
6_Mar_2023,Indian Wells Masters,Hard,R16,2,56,(1)Alcaraz d. Jack Draper [GBR],6-2 2-0 RET,,3.02,11.10%,0.00%,74.10%,80.00%,85.70%,3-Mar,0:46
6_Mar_2023,Indian Wells Masters,Hard,R32,2,36,(1)Alcaraz d. (31)Tallon Griekspoor [NED],7-6(4) 6-3, (ch),1.25,0.00%,4.20%,61.10%,75.00%,67.90%,2-Feb,1:41
6_Mar_2023,Indian Wells Masters,Hard,R64,2,94,(1)Alcaraz d. (Q)Thanasi Kokkinakis [AUS],6-3 6-3, (ch),2.56,2.30%,2.30%,63.60%,82.10%,87.50%,0/0,1:16
20_Feb_2023,Rio De Janeiro,Clay,F,2,13,(2)Cameron Norrie [GBR] d. (1)Alcaraz,5-7 6-4 7-5, (ch),0.98,3.50%,3.50%,67.80%,66.70%,40.50%,16-Oct,2:41
20_Feb_2023,Rio De Janeiro,Clay,SF,2,139,(1)Alcaraz d. (Q)Nicolas Jarry [CHI],6-7(2) 7-5 6-0, (ch),1.32,5.30%,3.20%,64.90%,70.50%,63.60%,5-Apr,2:42
20_Feb_2023,Rio De Janeiro,Clay,QF,2,80,(1)Alcaraz d. Dusan Lajovic [SRB],6-4 7-6(0),,1.25,1.30%,1.30%,62.30%,70.80%,51.70%,8-May,1:54
20_Feb_2023,Rio De Janeiro,Clay,R16,2,86,(1)Alcaraz d. Fabio Fognini [ITA],6-7(5) 6-2 6-4,,1.17,2.20%,0.00%,69.90%,61.50%,46.40%,0/5,2:47
20_Feb_2023,Rio De Janeiro,Clay,R32,2,556,(1)Alcaraz d. (WC)Mateus Alves [BRA],6-4 6-4, (ch),1.33,7.00%,7.00%,66.70%,73.70%,47.40%,4-Feb,1:56
13_Feb_2023,Buenos Aires,Clay,F,2,12,(1)Alcaraz d. (2)Cameron Norrie [GBR],6-3 7-5, (ch),1.28,5.10%,3.40%,64.40%,76.30%,52.40%,2-Jan,1:33
13_Feb_2023,Buenos Aires,Clay,SF,2,74,(1)Alcaraz d. Bernabe Zapata Miralles [ESP],6-2 6-2, (ch),1.76,6.30%,0.00%,68.80%,72.70%,60.00%,2-Jan,1:16
13_Feb_2023,Buenos Aires,Clay,QF,2,90,(1)Alcaraz d. (Q)Dusan Lajovic [SRB],6-4 6-2, (ch),1.42,2.00%,7.80%,64.70%,69.70%,50.00%,5-Mar,1:33
13_Feb_2023,Buenos Aires,Clay,R16,2,57,(1)Alcaraz d. Laslo Djere [SRB],6-2 4-6 6-2, (ch),1.35,5.50%,0.00%,69.90%,72.50%,68.20%,7-Jun,2:00
31_Oct_2022,Paris Masters,Hard,QF,1,18,Holger Rune [DEN] d. (1)Alcaraz,6-3 6-6 RET,,0.98,5.00%,1.70%,63.30%,81.60%,54.50%,4-Mar,1:40
31_Oct_2022,Paris Masters,Hard,R16,1,28,(1)Alcaraz d. Grigor Dimitrov [BUL],6-1 6-3, (ch),1.54,2.10%,6.40%,63.80%,76.70%,47.10%,4-Mar,1:11
31_Oct_2022,Paris Masters,Hard,R32,1,38,(1)Alcaraz d. Yoshihito Nishioka [JPN],6-4 6-4, (ch),1.91,19.60%,2.20%,73.90%,85.30%,66.70%,0/1,1:12
24_Oct_2022,Basel,Hard,SF,1,9,(3)Felix Auger Aliassime [CAN] d. (1)Alcaraz,6-3 6-2, (ch),0.54,0.00%,6.10%,69.40%,61.80%,33.30%,8-May,1:21
24_Oct_2022,Basel,Hard,QF,1,15,(1)Alcaraz d. (5)Pablo Carreno Busta [ESP],6-3 6-4,,1.33,1.60%,3.10%,67.20%,76.70%,47.60%,5-Apr,1:39
24_Oct_2022,Basel,Hard,R16,1,35,(1)Alcaraz d. Botic Van De Zandschulp [NED],6-4 6-2, (ch),1.36,1.70%,1.70%,75.00%,73.30%,46.70%,2-Jan,1:26
24_Oct_2022,Basel,Hard,R32,1,45,(1)Alcaraz d. Jack Draper [GBR],3-6 6-2 7-5, (ch),1.01,1.10%,2.20%,76.90%,67.10%,42.90%,7-Apr,2:17
3_Oct_2022,Astana,Hard,R32,1,66,(LL)David Goffin [BEL] d. (1)Alcaraz,7-5 6-3, (ch),0.74,1.30%,1.30%,72.00%,48.10%,47.60%,11-Jun,1:46
18_Sep_2022,Davis Cup Finals RR: ESP vs KOR,Hard,RR,1,74,Alcaraz d. Soon Woo Kwon [KOR],6-4 7-6(1),,,,,,,,,
16_Sep_2022,Davis Cup Finals RR: ESP vs CAN,Hard,RR,1,13,Felix Auger Aliassime [CAN] d. Alcaraz,6-7(3) 6-4 6-2,,,,,,,,,
29_Aug_2022,US Open,Hard,F,4,7,(3)Alcaraz d. (5)Casper Ruud [NOR],6-4 2-6 7-6(1) 6-3, (ch),1,10.60%,2.30%,64.40%,74.10%,51.10%,10-Jul,3:20
29_Aug_2022,US Open,Hard,SF,4,26,(3)Alcaraz d. (22)Frances Tiafoe [USA],6-7(6) 6-3 6-1 6-7(5) 6-3, (ch),1.35,4.00%,2.00%,70.00%,74.30%,60.00%,7-Apr,4:19
29_Aug_2022,US Open,Hard,QF,4,13,(3)Alcaraz d. (11)Jannik Sinner [ITA],6-3 6-7(7) 6-7(0) 7-5 6-3, (ch),1.16,3.00%,3.00%,65.10%,62.70%,59.30%,16-Sep,5:15
29_Aug_2022,US Open,Hard,R16,4,17,(3)Alcaraz d. (15)Marin Cilic [CRO],6-4 3-6 6-4 4-6 6-3, (ch),1.01,2.10%,2.80%,72.00%,62.10%,60.00%,9-Apr,3:54
29_Aug_2022,US Open,Hard,R32,4,43,(3)Alcaraz d. Jenson Brooksby [USA],6-3 6-3 6-3, (ch),1.5,10.80%,4.10%,70.30%,75.00%,45.50%,4-Jan,2:11
29_Aug_2022,US Open,Hard,R64,4,78,(3)Alcaraz d. Federico Coria [ARG],6-2 6-1 7-5,,1.38,3.90%,2.90%,71.60%,67.10%,55.20%,13/14,2:10
29_Aug_2022,US Open,Hard,R128,4,37,(3)Alcaraz d. Sebastian Baez [ARG],7-5 7-5 2-0 RET,,1.16,1.00%,6.00%,62.00%,67.70%,52.60%,10-Aug,2:30
15_Aug_2022,Cincinnati Masters,Hard,QF,4,11,(9)Cameron Norrie [GBR] d. (3)Alcaraz,7-6(4) 6-7(4) 6-4, (ch),1.16,4.70%,3.70%,64.50%,69.60%,65.80%,8-May,3:03
15_Aug_2022,Cincinnati Masters,Hard,R16,4,17,(3)Alcaraz d. (14)Marin Cilic [CRO],7-6(4) 6-1,,1.71,12.70%,6.30%,66.70%,83.30%,52.40%,3-Feb,1:39
15_Aug_2022,Cincinnati Masters,Hard,R32,4,72,(3)Alcaraz d. (WC)Mackenzie Mcdonald [USA],6-3 6-2, (ch),2.43,12.80%,2.60%,51.30%,85.00%,78.90%,0/0,1:05
8_Aug_2022,Canada Masters,Hard,R32,4,34,Tommy Paul [USA] d. (2)Alcaraz,6-7(4) 7-6(7) 6-3, (ch),0.96,3.20%,3.20%,65.60%,67.10%,44.20%,15/19,3:20
25_Jul_2022,Umag,Clay,F,5,10,(2)Jannik Sinner [ITA] d. (1)Alcaraz,6-7(5) 6-1 6-1, (ch),0.73,2.70%,4.00%,66.70%,62.00%,56.00%,9-Apr,2:25
25_Jul_2022,Umag,Clay,SF,5,168,(1)Alcaraz d. (Q)Giulio Zeppieri [ITA],7-5 4-6 6-3, (ch),1.18,2.90%,4.80%,58.70%,67.20%,51.20%,13-Sep,2:55
25_Jul_2022,Umag,Clay,QF,5,120,(1)Alcaraz d. Facundo Bagnis [ARG],6-0 6-4,,1.58,3.80%,5.80%,61.50%,81.30%,45.00%,1-Jan,1:24
25_Jul_2022,Umag,Clay,R16,5,117,(1)Alcaraz d. (LL)Norbert Gombos [SVK],6-2 6-3,,1.38,3.30%,1.60%,62.30%,71.10%,60.90%,7-Jul,1:37
18_Jul_2022,Hamburg,Clay,F,6,62,Lorenzo Musetti [ITA] d. (1)Alcaraz,6-4 6-7(6) 6-4, (ch),0.94,2.10%,3.10%,66.70%,65.60%,65.60%,6-Feb,2:46
18_Jul_2022,Hamburg,Clay,SF,6,48,(1)Alcaraz d. Alex Molcan [SVK],7-6(2) 6-1, (ch),1.49,3.80%,1.90%,75.50%,72.50%,46.20%,3-Jan,1:33
18_Jul_2022,Hamburg,Clay,QF,6,26,(1)Alcaraz d. (7)Karen Khachanov [RUS],6-0 6-2,,1.93,0.00%,0.00%,73.80%,71.00%,72.70%,1-Jan,1:09
18_Jul_2022,Hamburg,Clay,R16,6,43,(1)Alcaraz d. Filip Krajinovic [SRB],7-6(4) 6-3,,1.23,4.90%,6.60%,70.50%,65.10%,61.10%,3-Jan,1:52
18_Jul_2022,Hamburg,Clay,R32,6,259,(1)Alcaraz d. (WC)Nicola Kuhn [ESP],3-6 6-1 7-6(3), (ch),1.31,1.10%,1.10%,70.80%,74.60%,61.50%,2-Jan,2:26
27_Jun_2022,Wimbledon,Grass,R16,7,13,(10)Jannik Sinner [ITA] d. (5)Alcaraz,6-1 6-4 6-7(8) 6-3, (ch),0.79,7.40%,2.50%,66.90%,65.40%,57.50%,12-Aug,3:35
27_Jun_2022,Wimbledon,Grass,R32,7,36,(5)Alcaraz d. (32)Oscar Otte [GER],6-3 6-1 6-2,,2.29,4.70%,4.70%,62.50%,87.50%,62.50%,1-Jan,1:38
27_Jun_2022,Wimbledon,Grass,R64,7,53,(5)Alcaraz d. Tallon Griekspoor [NED],6-4 7-6(0) 6-3,,1.31,9.00%,4.00%,59.00%,81.40%,61.00%,6-May,2:06
27_Jun_2022,Wimbledon,Grass,R128,7,155,(5)Alcaraz d. Jan Lennard Struff [GER],4-6 7-5 4-6 7-6(3) 6-4,,1.15,17.60%,4.10%,65.30%,75.70%,55.90%,8-Jun,4:11
23_May_2022,Roland Garros,Clay,QF,6,3,(3)Alexander Zverev [GER] d. (6)Alcaraz,6-4 6-4 4-6 7-6(7), (ch),0.86,1.50%,2.30%,61.40%,71.60%,51.00%,8-May,
23_May_2022,Roland Garros,Clay,R16,6,25,(6)Alcaraz d. (21)Karen Khachanov [RUS],6-1 6-4 6-4,,1.49,3.50%,1.20%,53.50%,78.30%,60.00%,4-Mar,
23_May_2022,Roland Garros,Clay,R32,6,30,(6)Alcaraz d. (27)Sebastian Korda [USA],6-4 6-4 6-2,,1.53,1.20%,1.20%,63.00%,76.50%,70.00%,5-May,2:09
23_May_2022,Roland Garros,Clay,R64,6,44,(6)Alcaraz d. Albert Ramos [ESP],6-1 6-7(7) 5-7 7-6(2) 6-4, (ch),1.25,6.30%,1.30%,69.60%,71.80%,56.30%,7-Jan,
23_May_2022,Roland Garros,Clay,R128,6,142,(6)Alcaraz d. (LL)Juan Ignacio Londero [ARG],6-4 6-2 6-0,,1.9,3.00%,0.00%,68.70%,80.40%,61.90%,0/0,
2_May_2022,Madrid Masters,Clay,F,9,3,(7)Alcaraz d. (2)Alexander Zverev [GER],6-3 6-1, (ch),3.23,2.60%,0.00%,71.10%,88.90%,72.70%,0/0,1:02
2_May_2022,Madrid Masters,Clay,SF,9,1,(7)Alcaraz d. (1)Novak Djokovic [SRB],6-7(5) 7-5 7-6(5), (ch),1.01,2.90%,2.90%,66.90%,73.60%,51.10%,6-May,3:35
2_May_2022,Madrid Masters,Clay,QF,9,4,(7)Alcaraz d. (3)Rafael Nadal [ESP],6-2 1-6 6-3, (ch),1.05,5.70%,4.30%,55.70%,66.70%,51.60%,9-Jun,2:28
2_May_2022,Madrid Masters,Clay,R16,9,11,(7)Alcaraz d. (9)Cameron Norrie [GBR],6-4 6-7(4) 6-3,,1.01,6.70%,3.80%,69.50%,71.20%,43.80%,9-Jul,2:39
2_May_2022,Madrid Masters,Clay,R32,9,27,(7)Alcaraz d. Nikoloz Basilashvili [GEO],6-3 7-5,,1.44,7.40%,1.90%,64.80%,65.70%,57.90%,5-Feb,1:23
18_Apr_2022,Barcelona,Clay,F,11,19,(5)Alcaraz d. (8)Pablo Carreno Busta [ESP],6-3 6-2, (ch),2.88,5.30%,2.60%,68.40%,88.50%,75.00%,0/0,1:05
18_Apr_2022,Barcelona,Clay,SF,11,25,(5)Alcaraz d. (10)Alex De Minaur [AUS],6-7(4) 7-6(4) 6-4, (ch),1.05,2.20%,2.20%,58.30%,72.80%,43.10%,12-Sep,3:39
18_Apr_2022,Barcelona,Clay,QF,11,5,(5)Alcaraz d. (1)Stefanos Tsitsipas [GRE],6-4 5-7 6-2, (ch),1.36,1.20%,2.40%,72.30%,71.70%,60.90%,6-Mar,2:12
18_Apr_2022,Barcelona,Clay,R16,11,101,(5)Alcaraz d. (WC)Jaume Munar [ESP],6-3 6-3,,2.55,6.80%,2.30%,61.40%,77.80%,88.20%,0/0,1:10
18_Apr_2022,Barcelona,Clay,R32,11,71,(5)Alcaraz d. Soon Woo Kwon [KOR],6-1 2-6 6-2,,1.41,1.50%,3.00%,56.70%,81.60%,44.80%,7-Apr,1:33
11_Apr_2022,Monte Carlo Masters,Clay,R32,11,42,Sebastian Korda [USA] d. (8)Alcaraz,7-6(2) 6-7(5) 6-3, (ch),1,0.90%,3.80%,64.20%,61.80%,44.70%,10-Mar,3:02
21_Mar_2022,Miami Masters,Hard,F,16,8,(14)Alcaraz d. (6)Casper Ruud [NOR],7-5 6-4, (ch),1.26,8.80%,2.90%,70.60%,75.00%,45.00%,8-Jun,1:52
21_Mar_2022,Miami Masters,Hard,SF,16,10,(14)Alcaraz d. (8)Hubert Hurkacz [POL],7-6(5) 7-6(2), (ch),1.27,3.70%,0.00%,71.60%,77.60%,69.60%,3-Mar,2:02
21_Mar_2022,Miami Masters,Hard,QF,16,48,(14)Alcaraz d. Miomir Kecmanovic [SRB],6-7(5) 6-3 7-6(5), (ch),0.97,4.70%,2.80%,74.50%,78.50%,51.90%,2-Jan,2:23
21_Mar_2022,Miami Masters,Hard,R16,16,5,(14)Alcaraz d. (3)Stefanos Tsitsipas [GRE],7-5 6-3, (ch),1.29,1.40%,2.80%,69.40%,74.00%,45.50%,8-Jul,1:50
21_Mar_2022,Miami Masters,Hard,R32,16,23,(14)Alcaraz d. (21)Marin Cilic [CRO],6-4 6-4,,1.49,3.60%,1.80%,65.50%,77.80%,68.40%,1-Jan,1:35
21_Mar_2022,Miami Masters,Hard,R64,16,55,(14)Alcaraz d. Marton Fucsovics [HUN],6-3 6-2,,1.52,3.60%,5.50%,63.60%,82.90%,55.00%,3-Mar,1:21
7_Mar_2022,Indian Wells Masters,Hard,SF,19,4,(4)Rafael Nadal [ESP] d. (19)Alcaraz,6-4 4-6 6-3, (ch),0.97,1.00%,3.00%,63.00%,60.30%,45.90%,15/21,3:12
7_Mar_2022,Indian Wells Masters,Hard,QF,19,12,(19)Alcaraz d. (12)Cameron Norrie [GBR],6-4 6-3,,1.25,0.00%,1.40%,62.00%,59.10%,48.10%,9-May,1:44
7_Mar_2022,Indian Wells Masters,Hard,R16,19,28,(19)Alcaraz d. (26)Gael Monfils [FRA],7-5 6-1, (ch),2.93,9.30%,2.30%,69.80%,86.70%,76.90%,0/0,1:17
7_Mar_2022,Indian Wells Masters,Hard,R32,19,15,(19)Alcaraz d. (15)Roberto Bautista Agut [ESP],6-2 6-0, (ch),2.12,9.30%,4.70%,62.80%,85.20%,50.00%,1-Jan,1:06
7_Mar_2022,Indian Wells Masters,Hard,R64,19,59,(19)Alcaraz d. Mackenzie Mcdonald [USA],6-3 6-3,,1.32,0.00%,5.30%,57.90%,63.60%,58.30%,6-Apr,1:35
4_Mar_2022,Davis Cup QLS R1: ESP vs ROU,Clay,RR,19,261,Alcaraz d. Marius Copil [ROU],6-4 6-3,,1.48,1.70%,1.70%,66.70%,75.00%,65.00%,2-Feb,1:32
14_Feb_2022,Rio de Janeiro,Clay,F,29,14,(7)Alcaraz d. (3)Diego Schwartzman [ARG],6-4 6-2, (ch),1.53,2.00%,0.00%,68.00%,76.50%,37.50%,4-Feb,1:26
14_Feb_2022,Rio de Janeiro,Clay,SF,29,38,(7)Alcaraz d. Fabio Fognini [ITA],6-2 7-5, (ch),1.24,0.00%,3.90%,68.40%,67.30%,54.20%,6-May,1:45
14_Feb_2022,Rio de Janeiro,Clay,QF,29,6,(7)Alcaraz d. (1)Matteo Berrettini [ITA],6-2 2-6 6-2, (ch),1.19,1.50%,6.10%,62.10%,73.20%,56.00%,0/2,2:02
14_Feb_2022,Rio de Janeiro,Clay,R16,29,37,(7)Alcaraz d. Federico Delbonis [ARG],6-4 7-6(1), (ch),1.22,3.00%,4.50%,63.60%,69.00%,62.50%,0/2,1:49
14_Feb_2022,Rio de Janeiro,Clay,R32,29,89,(7)Alcaraz d. Jaume Munar [ESP],2-6 6-2 6-1, (ch),1.18,2.40%,3.60%,63.10%,62.30%,54.80%,13-Oct,2:15
17_Jan_2022,Australian Open,Hard,R32,31,7,(7)Matteo Berrettini [ITA] d. (31)Alcaraz,6-2 7-6(3) 4-6 2-6 7-6(5), (ch),1.03,7.70%,5.20%,61.90%,74.00%,61.00%,8-May,4:10
17_Jan_2022,Australian Open,Hard,R64,31,39,(31)Alcaraz d. Dusan Lajovic [SRB],6-2 6-1 7-5,,1.58,3.60%,3.60%,73.50%,73.80%,59.10%,0/1,1:56
17_Jan_2022,Australian Open,Hard,R128,31,135,(31)Alcaraz d. (Q)Alejandro Tabilo [CHI],6-2 6-2 6-3,,1.72,17.60%,4.40%,61.80%,78.60%,57.70%,0/1,1:54
8_Nov_2021,NextGen Finals,Hard,F,32,39,(1)Alcaraz d. (2)Sebastian Korda [USA],4-3(5) 4-2 4-2, (ch),1.13,6.70%,1.70%,68.30%,73.20%,47.40%,6-Jun,1:22
8_Nov_2021,NextGen Finals,Hard,SF,32,111,(1)Alcaraz d. (6)Sebastian Baez [ARG],4-2 4-1 4-2, (ch),3.77,18.90%,0.00%,67.60%,84.00%,91.70%,3-Mar,1:02
8_Nov_2021,NextGen Finals,Hard,RR,32,109,(1)Alcaraz d. (7)Holger Rune [DEN],4-3(6) 4-2 4-0, (ch),1.85,18.40%,0.00%,65.30%,87.50%,52.90%,0/0,1:15
8_Nov_2021,NextGen Finals,Hard,RR,32,91,(1)Alcaraz d. (5)Juan Manuel Cerundolo [ARG],4-0 4-1 2-4 4-3(3),,1.19,2.90%,1.40%,75.70%,73.60%,52.90%,10-Sep,1:23
8_Nov_2021,NextGen Finals,Hard,RR,32,63,(1)Alcaraz d. (4)Brandon Nakashima [USA],4-3(4) 4-1 4-3(4), (ch),1.29,15.90%,6.30%,52.40%,87.90%,60.00%,5-Apr,1:26
1_Nov_2021,Paris Masters,Hard,R16,35,103,(Q)Hugo Gaston [FRA] d. Alcaraz,6-4 7-5, (ch),0.72,1.50%,6.10%,53.00%,48.60%,41.90%,12-Jun,1:43
1_Nov_2021,Paris Masters,Hard,R32,35,9,Alcaraz d. (8)Jannik Sinner [ITA],7-6(1) 7-5, (ch),1.32,3.80%,5.10%,57.00%,80.00%,55.90%,2-Jan,2:07
1_Nov_2021,Paris Masters,Hard,R64,35,99,Alcaraz d. (WC)Pierre Hugues Herbert [FRA],6-7(4) 7-6(2) 7-5, (ch),1.18,1.80%,1.80%,62.20%,69.60%,69.00%,5-Mar,2:53
25_Oct_2021,Vienna,Hard,SF,42,4,(2)Alexander Zverev [GER] d. Alcaraz,6-3 6-3,,0.54,2.20%,2.20%,51.10%,73.90%,54.50%,4-Jan,1:08
25_Oct_2021,Vienna,Hard,QF,42,7,Alcaraz d. (3)Matteo Berrettini [ITA],6-1 6-7(2) 7-6(5),,1.42,6.50%,4.30%,66.30%,80.30%,64.50%,0/1,2:40
25_Oct_2021,Vienna,Hard,R16,42,156,Alcaraz d. (WC)Andy Murray [GBR],6-3 6-4,,1.17,4.50%,1.50%,62.10%,58.50%,60.00%,10-Aug,2:06
25_Oct_2021,Vienna,Hard,R32,42,24,Alcaraz d. Daniel Evans [GBR],6-4 6-3, (ch),1.27,5.30%,1.80%,68.40%,64.10%,55.60%,9-Jun,1:25
4_Oct_2021,Indian Wells Masters,Hard,R64,38,121,(WC)Andy Murray [GBR] d. (30)Alcaraz,5-7 6-3 6-2, (ch),0.86,3.10%,3.10%,62.50%,61.70%,47.20%,11-Jul,3:03
30_Aug_2021,US Open,Hard,QF,55,15,(12)Felix Auger Aliassime [CAN] d. Alcaraz,6-3 3-1 RET,,0.66,2.10%,2.10%,61.70%,65.50%,44.40%,7-May,1:08
30_Aug_2021,US Open,Hard,R16,55,141,Alcaraz d. (Q)Peter Gojowczyk [GER],5-7 6-1 5-7 6-2 6-0, (ch),1.25,4.90%,2.80%,65.50%,60.20%,53.10%,18-Nov,3:31
30_Aug_2021,US Open,Hard,R32,55,3,Alcaraz d. (3)Stefanos Tsitsipas [GRE],6-3 4-6 7-6(2) 0-6 7-6(5), (ch),0.91,1.20%,1.20%,63.50%,60.20%,59.70%,17-Sep,4:07
30_Aug_2021,US Open,Hard,R64,55,83,Alcaraz d. Arthur Rinderknech [FRA],7-6(6) 4-6 6-1 6-4,,1.52,7.30%,2.70%,59.10%,84.60%,68.90%,0/1,2:58
30_Aug_2021,US Open,Hard,R128,55,29,Alcaraz d. (26)Cameron Norrie [GBR],6-4 6-4 6-3,,1.47,8.10%,2.70%,66.20%,77.60%,56.00%,3-Jan,1:54
23_Aug_2021,Winston-Salem,Hard,SF,54,90,Mikael Ymer [SWE] d. (15)Alcaraz,7-5 6-3,,0.79,3.60%,3.60%,69.10%,71.10%,47.10%,0/3,1:16
23_Aug_2021,Winston-Salem,Hard,QF,54,65,(15)Alcaraz d. Marcos Giron [USA],7-6(2) 6-2,,1.68,5.30%,3.50%,52.60%,73.30%,70.40%,5-Mar,1:38
23_Aug_2021,Winston-Salem,Hard,R16,54,42,(15)Alcaraz d. (4)Marton Fucsovics [HUN],6-3 0-6 6-2,,0.91,0.00%,2.10%,56.80%,57.40%,58.50%,14-Nov,2:06
23_Aug_2021,Winston-Salem,Hard,R32,54,71,(15)Alcaraz d. (Q)Alexei Popyrin [AUS],6-7(9) 6-1 7-6(1),,1.79,7.50%,1.10%,66.70%,77.40%,87.10%,2-Feb,2:20
16_Aug_2021,Cincinnati Masters,Hard,R64,55,27,Lorenzo Sonego [ITA] d. (Q)Alcaraz,6-3 7-6(6),,0.84,1.40%,4.20%,50.70%,72.20%,37.10%,4-Jan,2:11
16_Aug_2021,Cincinnati Masters,Hard,Q2,55,67,(2)Alcaraz d. (9)Ilya Ivashka [BLR],6-3 6-4,,1.33,0.00%,4.80%,69.40%,67.40%,57.90%,6-Apr,
16_Aug_2021,Cincinnati Masters,Hard,Q1,55,94,(2)Alcaraz d. Thiago Monteiro [BRA],6-2 6-3,,1.8,3.70%,3.70%,66.70%,77.80%,66.70%,3-Mar,
26_Jul_2021,Kitzbuhel,Clay,R32,55,337,(WC)Alexander Erler [AUT] d. (10)Alcaraz,7-5 1-6 6-2,,0.97,1.20%,4.80%,53.00%,65.90%,51.30%,0/4,2:09
19_Jul_2021,Umag,Clay,F,73,59,(7)Alcaraz d. (4)Richard Gasquet [FRA],6-2 6-2, (ch),1.54,0.00%,4.10%,55.10%,77.80%,59.10%,3-Mar,1:16
19_Jul_2021,Umag,Clay,SF,73,43,(7)Alcaraz d. (1)Albert Ramos [ESP],6-2 7-6(3),,1.19,1.40%,2.90%,71.40%,64.00%,50.00%,8-May,1:59
19_Jul_2021,Umag,Clay,QF,73,34,(7)Alcaraz d. (3)Filip Krajinovic [SRB],7-6(3) 2-6 6-1,,1.13,0.00%,2.20%,70.80%,69.80%,38.50%,9-May,2:18
19_Jul_2021,Umag,Clay,R16,73,117,(7)Alcaraz d. Andrej Martin [SVK],6-3 6-1,,1.52,1.90%,3.80%,73.10%,65.80%,50.00%,5-Mar,1:15
19_Jul_2021,Umag,Clay,R32,73,103,(7)Alcaraz d. Lucas Pouille [FRA],3-6 6-2 6-2, (ch),1.27,0.00%,0.00%,65.80%,70.80%,44.00%,5-Feb,2:06
28_Jun_2021,Wimbledon,Grass,R64,75,2,(2)Daniil Medvedev [RUS] d. (WC)Alcaraz,6-4 6-1 6-2, (ch),0.5,2.40%,6.10%,67.10%,61.80%,25.90%,15-Aug,1:35
28_Jun_2021,Wimbledon,Grass,R128,75,116,(WC)Alcaraz d. (LL)Yasutaka Uchiyama [JPN],6-3 6-7(4) 6-2 3-6 6-3,,1.11,3.60%,3.00%,59.80%,66.30%,48.50%,17/23,4:18
31_May_2021,Roland Garros,Clay,R32,97,42,Jan Lennard Struff [GER] d. (Q)Alcaraz,6-4 7-6(3) 6-2,,0.76,3.00%,1.00%,59.00%,52.50%,58.50%,11-May,2:16
31_May_2021,Roland Garros,Clay,R64,97,31,(Q)Alcaraz d. (28)Nikoloz Basilashvili [GEO],6-4 6-2 6-4,,1.39,12.30%,1.20%,67.90%,78.20%,50.00%,6-Apr,1:56
31_May_2021,Roland Garros,Clay,R128,97,128,(Q)Alcaraz d. (Q)Bernabe Zapata Miralles [ESP],6-3 2-6 6-1 7-6(4),,1.12,1.50%,4.40%,61.30%,59.50%,56.60%,12-Jun,3:08
31_May_2021,Roland Garros,Clay,Q3,97,166,(6)Alcaraz d. Alejandro Tabilo [CHI],6-1 6-1,,1.74,4.20%,6.30%,70.80%,70.60%,42.90%,3-Feb,0:58
31_May_2021,Roland Garros,Clay,Q2,97,235,(6)Alcaraz d. Andrea Pellegrino [ITA],6-1 6-2,,1.85,1.90%,0.00%,73.10%,71.10%,71.40%,2-Feb,1:07
31_May_2021,Roland Garros,Clay,Q1,97,213,(6)Alcaraz d. Lukas Lacko [SVK],6-3 6-3,,1.74,7.40%,0.00%,59.30%,78.10%,63.60%,3-Feb,1:22
17_May_2021,Oeiras 3 CH,Clay,F,114,109,Alcaraz d. (7)Facundo Bagnis [ARG],6-4 6-4,,1.47,0.00%,3.40%,72.40%,71.40%,68.80%,5-Apr,1:38
17_May_2021,Oeiras 3 CH,Clay,SF,114,112,Alcaraz d. Taro Daniel [JPN],6-2 5-7 6-2,,1.27,5.50%,4.40%,59.30%,74.10%,45.90%,9-Jun,2:35
17_May_2021,Oeiras 3 CH,Clay,QF,114,313,Alcaraz d. (WC)Gastao Elias [POR],7-5 6-4,,1.4,1.70%,5.20%,62.10%,72.20%,63.60%,0/2,1:28
17_May_2021,Oeiras 3 CH,Clay,R16,114,139,Alcaraz d. Brandon Nakashima [USA],3-6 6-4 6-4,,1.06,1.20%,3.60%,71.10%,61.00%,50.00%,7-Feb,2:11
17_May_2021,Oeiras 3 CH,Clay,R32,114,113,Alcaraz d. Yasutaka Uchiyama [JPN],6-0 6-3,,1.8,6.00%,6.00%,54.00%,77.80%,52.20%,4-Mar,1:03
3_May_2021,Madrid Masters,Clay,R32,120,2,(1)Rafael Nadal [ESP] d. (WC)Alcaraz,6-1 6-2, (ch),0.46,0.00%,7.90%,57.90%,40.90%,31.30%,7-Feb,1:17
3_May_2021,Madrid Masters,Clay,R64,120,34,(WC)Alcaraz d. Adrian Mannarino [FRA],6-4 6-0,,2.17,2.40%,2.40%,61.90%,80.80%,68.80%,0/0,1:11
26_Apr_2021,Estoril,Clay,R32,120,42,(6)Marin Cilic [CRO] d. (Q)Alcaraz,6-3 1-6 6-4,,0.97,1.10%,3.20%,61.10%,60.30%,43.20%,14-Sep,2:13
26_Apr_2021,Estoril,Clay,Q2,120,142,(6)Alcaraz d. Carlos Taberner [ESP],7-5 6-3,,1.15,4.00%,4.00%,68.00%,62.70%,62.50%,6-May,1:38
26_Apr_2021,Estoril,Clay,Q1,120,143,(6)Alcaraz d. Tallon Griekspoor [NED],6-1 6-3,,1.98,9.30%,0.00%,62.80%,74.10%,75.00%,0/0,1:17
19_Apr_2021,Barcelona,Clay,R64,119,65,Frances Tiafoe [USA] d. (WC)Alcaraz,6-4 7-6(2),,0.77,2.80%,2.80%,57.70%,65.90%,43.30%,6-Mar,1:43
5_Apr_2021,Marbella,Clay,SF,133,95,Jaume Munar [ESP] d. (WC)Alcaraz,7-6(4) 6-4,,0.81,0.00%,4.90%,69.50%,59.60%,44.00%,11-Jul,1:54
5_Apr_2021,Marbella,Clay,QF,133,26,(WC)Alcaraz d. (3)Casper Ruud [NOR],6-2 6-4,,1.8,4.30%,0.00%,60.90%,82.10%,55.60%,4-Feb,1:18
5_Apr_2021,Marbella,Clay,R16,133,64,(WC)Alcaraz d. (6)Feliciano Lopez [ESP],4-6 6-2 6-4,,1.17,8.30%,2.40%,72.60%,67.20%,52.20%,12-Sep,2:00
5_Apr_2021,Marbella,Clay,R32,133,129,(WC)Alcaraz d. (Q)Nikola Milojevic [SRB],7-6(3) 6-3,,1.53,1.60%,1.60%,71.00%,79.50%,55.60%,0/1,1:38
22_Mar_2021,Miami Masters,Hard,R128,132,83,Emil Ruusuvuori [FIN] d. (WC)Alcaraz,6-4 2-6 7-5, (ch),1.09,2.40%,4.80%,63.90%,69.80%,53.30%,7-Apr,2:11
15_Mar_2021,Acapulco,Hard,R32,132,7,(2)Alexander Zverev [GER] d. (WC)Alcaraz,6-3 6-1,,0.59,0.00%,1.60%,59.70%,51.40%,40.00%,14-Sep,1:24
1_Mar_2021,Las Palmas 2 CH,Clay,R16,131,248,Marco Trungelliti [ARG] d. (1)Alcaraz,7-6(5) 6-3,,0.88,1.80%,5.30%,59.60%,67.60%,34.80%,6-Feb,1:28
1_Mar_2021,Las Palmas 2 CH,Clay,R32,131,389,(1)Alcaraz d. (Q)Filip Cristian Jianu [ROU],6-3 6-7(3) 6-1,,1.5,4.80%,3.60%,58.30%,79.60%,68.60%,0/1,1:58
22_Feb_2021,Montpellier,Hard,Q1,127,160,Tallon Griekspoor [NED] d. (6)Alcaraz,4-6 6-3 6-1,,0.72,3.30%,3.30%,67.80%,65.60%,37.90%,10-May,1:47
8_Feb_2021,Australian Open,Hard,R64,141,95,Mikael Ymer [SWE] d. (Q)Alcaraz,2-6 6-4 6-4 7-6(5),,0.97,5.30%,3.80%,62.40%,62.70%,44.00%,18-Oct,3:08
8_Feb_2021,Australian Open,Hard,R128,141,151,(Q)Alcaraz d. (Q)Botic Van De Zandschulp [NED],6-1 6-4 6-4, (ch),1.52,2.40%,1.20%,57.10%,77.10%,63.90%,4-Mar,1:54
1_Feb_2021,Great Ocean Road Open,Hard,R16,146,83,Thiago Monteiro [BRA] d. Alcaraz,7-6(3) 6-3,,0.89,8.20%,0.00%,70.50%,72.10%,61.10%,2-Jan,1:37
1_Feb_2021,Great Ocean Road Open,Hard,R32,146,14,Alcaraz d. (1)David Goffin [BEL],6-3 6-3,,1.37,1.70%,3.40%,62.10%,63.90%,45.50%,5-Feb,1:13
1_Feb_2021,Great Ocean Road Open,Hard,R64,146,94,Alcaraz d. Attila Balazs [HUN],2-2 RET,,0.6,25.00%,0.00%,50.00%,83.30%,50.00%,0/0,0:19
10_Jan_2021,Doha Aus Open Qualies,Hard,Q3,141,111,(21)Alcaraz d. (2)Hugo Dellien [BOL],6-2 6-3,,1.46,3.10%,3.10%,69.20%,73.30%,30.00%,6-Apr,1:22
10_Jan_2021,Doha Aus Open Qualies,Hard,Q2,141,258,(21)Alcaraz d. Evgeny Karlovskiy [RUS],7-6(1) 7-6(4),,1.13,4.80%,2.40%,73.80%,59.70%,54.50%,8-Apr,2:16
10_Jan_2021,Doha Aus Open Qualies,Hard,Q1,141,184,(21)Alcaraz d. Filip Horansky [SVK],5-7 6-1 6-4,,1.27,4.70%,4.70%,65.90%,75.00%,48.30%,5-Feb,2:23
26_Oct_2020,Marbella CH,Clay,R32,138,146,Lorenzo Giustino [ITA] d. Alcaraz,3-6 7-5 6-4,,1.02,1.10%,2.10%,76.60%,58.30%,45.50%,13-Jul,2:25
12_Oct_2020,Alicante CH,Clay,F,158,97,Alcaraz d. (1)Pedro Martinez [ESP],7-6(6) 6-3, (ch),1.18,0.00%,4.00%,73.30%,63.60%,55.00%,8-May,1:43
12_Oct_2020,Alicante CH,Clay,SF,158,188,Alcaraz d. Mario Vilella Martinez [ESP],1-6 6-3 6-4,,0.98,0.00%,2.10%,75.00%,58.30%,50.00%,14-Oct,2:22
12_Oct_2020,Alicante CH,Clay,QF,158,200,Alcaraz d. Juan Pablo Ficovich [ARG],3-6 6-4 6-2,,1.04,0.00%,0.00%,80.20%,50.60%,63.20%,12-Jul,2:23
12_Oct_2020,Alicante CH,Clay,R16,158,128,Alcaraz d. (6)Daniel Elahi Galan [COL],6-1 3-6 6-3,,1.21,0.00%,2.20%,71.90%,65.60%,64.00%,6-May,2:00
12_Oct_2020,Alicante CH,Clay,R32,158,207,Alcaraz d. Ramkumar Ramanathan [IND],7-6(4) 7-6(3),,1.15,0.00%,4.10%,64.40%,68.10%,57.70%,0/3,1:46
5_Oct_2020,Barcelona CH,Clay,F,189,114,Alcaraz d. (4)Damir Dzumhur [BIH],4-6 6-2 6-1, (ch),1.1,1.10%,3.30%,75.80%,69.60%,40.90%,6-May,1:48
5_Oct_2020,Barcelona CH,Clay,SF,189,198,Alcaraz d. (Q)Andrea Collarini [ARG],6-3 7-5,,1.18,1.40%,8.20%,60.30%,56.80%,48.30%,10-Jun,1:43
5_Oct_2020,Barcelona CH,Clay,QF,189,177,Alcaraz d. Filip Horansky [SVK],7-5 4-6 6-4,,1.04,1.90%,1.90%,61.90%,61.50%,47.50%,13-Aug,2:13
5_Oct_2020,Barcelona CH,Clay,R16,189,183,Alcaraz d. Mario Vilella Martinez [ESP],6-3 4-6 6-2,,1.16,0.00%,4.70%,55.30%,66.00%,52.60%,14-Oct,2:12
5_Oct_2020,Barcelona CH,Clay,R32,189,113,Alcaraz d. (3)Pedro Sousa [POR],6-3 6-3,,1.34,0.00%,1.90%,55.80%,65.50%,56.50%,4-Feb,1:11
28_Sep_2020,Biella CH,Clay,R16,189,177,Filip Horansky [SVK] d. Alcaraz,6-3 6-4,,0.72,5.30%,5.30%,54.40%,61.30%,46.20%,0/4,1:16
28_Sep_2020,Biella CH,Clay,R32,189,143,Alcaraz d. (8)Juan Pablo Varillas [PER],2-6 7-6(8) 7-6(2),,0.92,1.50%,1.50%,67.60%,57.60%,54.50%,17-Dec,3:07
28_Sep_2020,Roland Garros,Clay,Q1,189,193,Aleksandar Vukic [AUS] d. Alcaraz,4-6 7-6(5) 6-3, (ch),0.98,6.00%,4.00%,60.00%,70.00%,52.50%,7-Apr,2:15
31_Aug_2020,Cordenons CH,Clay,F,217,178,Bernabe Zapata Miralles [ESP] d. (SE)Alcaraz,6-2 4-6 6-2, (ch),0.78,1.40%,2.80%,64.80%,52.20%,44.00%,11-May,1:49
31_Aug_2020,Cordenons CH,Clay,SF,217,221,(SE)Alcaraz d. Daniel Altmaier [GER],6-1 7-6(6),,1.42,0.00%,3.40%,67.80%,72.50%,57.90%,4-Mar,1:25
31_Aug_2020,Cordenons CH,Clay,QF,217,134,(SE)Alcaraz d. (4)Facundo Bagnis [ARG],7-6(5) 4-6 6-2,,1,1.90%,6.60%,72.60%,58.40%,44.80%,12-Jul,2:34
31_Aug_2020,Cordenons CH,Clay,R16,217,222,(SE)Alcaraz d. Benjamin Bonzi [FRA],6-3 7-6(3),,1.16,0.00%,2.60%,67.50%,59.60%,64.00%,9-Jul,1:37
31_Aug_2020,Cordenons CH,Clay,R32,217,196,(SE)Alcaraz d. Juan Pablo Ficovich [ARG],4-6 6-3 7-5,,1.06,0.80%,1.70%,75.60%,60.00%,65.50%,14/17,2:46
24_Aug_2020,Trieste CH,Clay,F,310,408,(Q)Alcaraz d. (Q)Riccardo Bonadio [ITA],6-4 6-3, (ch),1.76,2.20%,2.20%,73.90%,79.40%,58.30%,3-Feb,1:09
24_Aug_2020,Trieste CH,Clay,SF,310,280,(Q)Alcaraz d. (WC)Lorenzo Musetti [ITA],7-5 2-6 6-3, (ch),1.07,0.00%,4.60%,73.60%,60.90%,43.50%,6-Jan,2:13
24_Aug_2020,Trieste CH,Clay,QF,310,321,(Q)Alcaraz d. (Q)Tomas Martin Etcheverry [ARG],7-6(2) 6-3,,1.26,2.60%,1.30%,71.80%,69.60%,63.60%,8-Jul,1:55
24_Aug_2020,Trieste CH,Clay,R16,310,222,(Q)Alcaraz d. Matteo Viola [ITA],6-4 6-2,,2.25,0.00%,2.20%,60.00%,85.20%,66.70%,2-Jan,1:28
24_Aug_2020,Trieste CH,Clay,R32,310,254,(Q)Alcaraz d. Mathias Bourgue [FRA],6-3 6-3,,1.3,1.70%,1.70%,79.70%,66.00%,41.70%,6-Apr,1:18
24_Aug_2020,Trieste CH,Clay,Q2,310,233,(8)Alcaraz d. (1)Tobias Kamke [GER],6-3 6-3,,1.37,3.40%,1.70%,83.10%,65.30%,50.00%,8-Jun,1:18
24_Aug_2020,Trieste CH,Clay,Q1,310,894,(8)Alcaraz d. (WC)Giacomo Dambrosi [ITA],6-2 3-6 6-3,,1.25,2.50%,6.30%,64.60%,72.50%,57.10%,5-Mar,2:02
17_Aug_2020,Todi CH,Clay,R32,318,236,Gian Marco Moroni [ITA] d. (Q)Alcaraz,6-3 6-2,,0.55,0.00%,2.20%,68.90%,54.80%,64.30%,8-May,1:16
17_Aug_2020,Todi CH,Clay,Q2,318,279,(7)Alcaraz d. (4)Borna Gojo [CRO],6-4 6-4,,1.13,1.50%,4.50%,67.20%,71.10%,54.50%,5-Apr,1:33
17_Aug_2020,Todi CH,Clay,Q1,318,933,(7)Alcaraz d. (WC)Flavio Cobolli [ITA],6-2 6-3,,1.44,0.00%,6.10%,67.30%,60.60%,56.30%,0/2,1:19
17_Feb_2020,Rio De Janeiro,Clay,R16,406,116,(Q)Federico Coria [ARG] d. (WC)Alcaraz,6-4 4-6 6-4, (ch),1.07,4.90%,4.90%,59.30%,75.00%,39.40%,9-Apr,2:17
17_Feb_2020,Rio De Janeiro,Clay,R32,406,41,(WC)Alcaraz d. (7)Albert Ramos [ESP],7-6(2) 4-6 7-6(2), (ch),0.99,1.30%,3.30%,68.00%,62.50%,44.90%,15-Oct,3:36
27_Jan_2020,M15 Antalya,Clay,F,446,420,(1)Zsombor Piros [HUN] d. (2)Alcaraz,4-6 6-4 6-3,,,,,,,,,
27_Jan_2020,M15 Antalya,Clay,SF,446,514,(2)Alcaraz d. (4)Alexandar Lazarov [BUL],6-3 6-0,,,,,,,,,
27_Jan_2020,M15 Antalya,Clay,QF,446,579,(2)Alcaraz d. (8)Timofey Skatov [RUS],6-3 6-3,,,,,,,,,
27_Jan_2020,M15 Antalya,Clay,R16,446,1498,(2)Alcaraz d. (Q)Tristan Meraut [FRA],7-5 6-3,,,,,,,,,
27_Jan_2020,M15 Antalya,Clay,R32,446,802,(2)Alcaraz d. Sandro Kopp [AUT],6-4 6-4,,,,,,,,,
13_Jan_2020,M15 Manacor,Hard,F,488,511,Alcaraz d. Evan Furness [FRA],6-3 6-4,,,,,,,,,
13_Jan_2020,M15 Manacor,Hard,SF,488,1909,Alcaraz d. (Q)Joao Monteiro [POR],6-2 6-4,,,,,,,,,
13_Jan_2020,M15 Manacor,Hard,QF,488,407,Alcaraz d. (6)Evan Hoyt [GBR],6-2 6-4,,,,,,,,,
13_Jan_2020,M15 Manacor,Hard,R16,488,906,Alcaraz d. (Q)Billy Harris [GBR],4-6 7-6(3) 7-6(2),,,,,,,,,
13_Jan_2020,M15 Manacor,Hard,R32,488,489,Alcaraz d. Alvaro Lopez San Martin [ESP],6-3 7-5,,,,,,,,,
6_Jan_2020,M15 Manacor,Hard,F,490,437,(6)Alcaraz d. (5)Evan Furness [FRA],6-0 6-2,,,,,,,,,
6_Jan_2020,M15 Manacor,Hard,SF,490,1054,(6)Alcaraz d. (Q)Alberto Barroso Campos [ESP],6-3 6-3,,,,,,,,,
6_Jan_2020,M15 Manacor,Hard,QF,490,885,(6)Alcaraz d. (Q)Pawel Cias [POL],6-3 6-7(5) 6-1,,,,,,,,,
6_Jan_2020,M15 Manacor,Hard,R16,490,629,(6)Alcaraz d. Mats Rosenkranz [GER],6-2 6-0,,,,,,,,,
6_Jan_2020,M15 Manacor,Hard,R32,490,1114,(6)Alcaraz d. (Q)Mattia Bellucci [ITA],6-2 6-1,,,,,,,,,
7_Oct_2019,M25 RibaRoja de Turia,Clay,R32,493,697,Inigo Cervantes Huegun [ESP] d. (7)Alcaraz,7-6(5) 6-2,,,,,,,,,
23_Sep_2019,Florence CH,Clay,R64,493,241,Stefano Napolitano [ITA] d. (WC)Alcaraz,1-6 6-4 6-1,,0.99,1.10%,1.10%,67.40%,48.30%,55.20%,10-Apr,1:53
9_Sep_2019,Seville CH,Clay,QF,566,120,(2)Salvatore Caruso [ITA] d. (WC)Alcaraz,4-6 7-6(4) 6-4,,0.91,2.90%,1.90%,65.70%,53.60%,38.90%,10-Mar,2:41
9_Sep_2019,Seville CH,Clay,R16,566,149,(WC)Alcaraz d. (7)Pedro Martinez [ESP],5-7 6-4 6-3,,1,0.00%,0.80%,77.80%,57.10%,57.10%,14-Oct,2:45
9_Sep_2019,Seville CH,Clay,R32,566,184,(WC)Alcaraz d. (9)Yannick Hanfmann [GER],7-6(3) 7-6(4),,1.13,1.10%,4.40%,64.40%,65.50%,62.50%,7-May,1:59
9_Sep_2019,Seville CH,Clay,R64,566,435,(WC)Alcaraz d. Rio Noguchi [JPN],6-1 6-4,,1.65,7.40%,1.90%,64.80%,74.30%,73.70%,1-Jan,
26_Aug_2019,Mallorca CH,Hard,R64,571,311,Jurij Rodionov [AUT] d. (WC)Alcaraz,6-4 6-4,,0.88,4.80%,4.80%,66.10%,63.40%,52.40%,10-Jul,1:19
19_Aug_2019,L'Aquila CH,Clay,R32,583,284,(8)Frederico Ferreira Silva [POR] d. (WC)Alcaraz,6-3 4-6 6-3,,0.82,0.90%,1.80%,72.70%,55.00%,53.30%,14/19,2:28
19_Aug_2019,L'Aquila CH,Clay,R64,583,220,(WC)Alcaraz d. (ITF)Christopher Oconnell [AUS],6-4 6-2,,1.33,1.70%,6.70%,75.00%,73.30%,40.00%,4-Mar,1:15
22_Jul_2019,M25 Denia,Clay,F,521,636,Alcaraz d. (8)Timofey Skatov [RUS],6-4 6-3,,,,,,,,,
22_Jul_2019,M25 Denia,Clay,SF,521,383,Alcaraz d. (2)Carlos Boluda Purkiss [ESP],3-6 6-4 7-6(4),,,,,,,,,
22_Jul_2019,M25 Denia,Clay,QF,521,,Alcaraz d. (Q)Carlos Sanchez Jover [ESP],6-4 2-6 6-3,,,,,,,,,
22_Jul_2019,M25 Denia,Clay,R16,521,,Alcaraz d. (Q)Sergio Martos Gornes [ESP],6-2 6-4,,,,,,,,,
22_Jul_2019,M25 Denia,Clay,R32,521,,Alcaraz d. (LL)Alejandro Moro Canas [ESP],6-2 6-4,,,,,,,,,
17_Jun_2019,M25 Martos,Hard,SF,517,371,Kevin King [USA] d. (6)Alcaraz,6-1 6-0,,,,,,,,,
17_Jun_2019,M25 Martos,Hard,QF,517,,(6)Alcaraz d. Mick Lescure [FRA],3-6 7-6(3) 6-1,,,,,,,,,
17_Jun_2019,M25 Martos,Hard,R16,517,,(6)Alcaraz d. Alberto Barroso Campos [ESP],6-2 6-3,,,,,,,,,
17_Jun_2019,M25 Martos,Hard,R32,517,,(6)Alcaraz d. Simon Carr [IRL],4-6 6-3 6-3,,,,,,,,,
22_Apr_2019,Barcelona,Clay,Q1,505,107,(12)Pedro Sousa [POR] d. (WC)Alcaraz,6-7(5) 6-3 6-1,,0.86,4.20%,4.20%,70.50%,56.70%,46.40%,10-Mar,1:48
8_Apr_2019,Murcia CH,Clay,R16,597,170,(9)Rudolf Molleker [GER] d. (WC)Alcaraz,6-1 6-7(5) 6-3,,0.79,1.10%,3.40%,54.50%,68.80%,52.50%,9-May,1:50
8_Apr_2019,Murcia CH,Clay,R32,597,140,(WC)Alcaraz d. (5)Pedro Martinez [ESP],6-3 7-6(4), (ch),1.07,1.10%,1.10%,65.50%,63.20%,70.00%,5-Apr,1:46
8_Apr_2019,Murcia CH,Clay,R64,597,267,(WC)Alcaraz d. Gleb Sakharov [FRA],7-6(6) 6-4,,1.06,0.00%,1.10%,79.80%,60.00%,47.40%,12-Sep,2:00
1_Apr_2019,Villena CH,Clay,R32,,132,(8)Lukas Rosol [CZE] d. (WC)Alcaraz,6-2 4-6 6-4,,0.83,0.00%,3.40%,75.00%,47.00%,54.50%,0/7,1:46
1_Apr_2019,Villena CH,Clay,R64,,319,(WC)Alcaraz d. (WC)Jannik Sinner [ITA],6-2 3-6 6-3, (ch),1.17,0.00%,2.50%,68.40%,53.70%,60.00%,8-Mar,1:50
21_Jan_2019,M15 Palmanova,Clay,SF,,,Francisco Cerundolo [ARG] d. (JR )Alcaraz,6-2 6-4,,,,,,,,,
21_Jan_2019,M15 Palmanova,Clay,QF,,,(JR )Alcaraz d. Maxime Mora [FRA],6-2 6-4,,,,,,,,,
21_Jan_2019,M15 Palmanova,Clay,R16,,648,(JR )Alcaraz d. Jeroen Vanneste [BEL],6-3 6-1,,,,,,,,,
21_Jan_2019,M15 Palmanova,Clay,R32,,589,(JR )Alcaraz d. Alvaro Lopez San Martin [ESP],5-7 6-3 6-1,,,,,,,,,
12_Feb_2018,Spain F5,Clay,QF,,319,Sergio Gutierrez Ferrol [ESP] d. Alcaraz,6-0 6-4,,,,,,,,,
12_Feb_2018,Spain F5,Clay,R16,,,Alcaraz d. Nikita Tatyanin [RUS],7-5 7-6(5),,,,,,,,,
12_Feb_2018,Spain F5,Clay,R32,,292,Alcaraz d. (2)Federico Gaio [ITA],7-5 4-6 7-6(3),,,,,,,,,